addr,hours,name,phone,email
123 Fitness Ave, 24, Anytime Fitness, 10001, contact@anytimefitness.com
456 Muscle Rd, 16, Golds Gym, 10002, info@goldsgym.com
789 Cardio Blvd, 18, Planet Fitness, 10003, support@planetfitness.com
101 Yoga St, 12, CorePower Yoga, 10004, hello@corepoweryoga.com
202 Lift Ln, 24, Crunch Fitness, 10005, contact@crunch.com
303 Spin Cir, 20, CycleBar, 10006, denver@cyclebar.com
404 Strength Dr, 22, Equinox, 10007, boston@equinox.com
505 HIIT Pl, 14, Orangetheory Fitness, 10008, studio@orangetheory.com
606 Wellness Ave, 24, 24 Hour Fitness, 10009, info@24hourfitness.com
707 Balance Blvd, 16, LA Fitness, 10010, sbd@lafitness.com
795 Muscle Rd, 14, Crunch Fitness, 10011, contact@crunchfitness.com
148 Fitness Ave, 24, Golds Gym, 10012, contact@goldsgym.com
325 Wellness Ave, 14, CycleBar, 10013, contact@cyclebar.com
649 Fitness Ave, 18, CycleBar, 10014, contact@cyclebar.com
410 Yoga St, 18, Crunch Fitness, 10015, contact@crunchfitness.com
679 Muscle Rd, 20, LA Fitness, 10016, contact@lafitness.com
570 Balance Blvd, 16, Orangetheory Fitness, 10017, contact@orangetheoryfitness.com
660 Balance Blvd, 14, Anytime Fitness, 10018, contact@anytimefitness.com
446 Muscle Rd, 12, Equinox, 10019, contact@equinox.com
244 Yoga St, 12, CorePower Yoga, 10020, contact@corepoweryoga.com
728 Lift Ln, 20, Crunch Fitness, 10021, contact@crunchfitness.com
342 Lift Ln, 16, CycleBar, 10022, contact@cyclebar.com
480 Wellness Ave, 14, CorePower Yoga, 10023, contact@corepoweryoga.com
231 Spin Cir, 22, Anytime Fitness, 10024, contact@anytimefitness.com
106 Balance Blvd, 14, CorePower Yoga, 10025, contact@corepoweryoga.com
658 HIIT Pl, 20, CycleBar, 10026, contact@cyclebar.com
157 Strength Dr, 14, LA Fitness, 10027, contact@lafitness.com
419 Strength Dr, 16, 24 Hour Fitness, 10028, contact@24hourfitness.com
964 Lift Ln, 22, CorePower Yoga, 10029, contact@corepoweryoga.com
990 Spin Cir, 24, Planet Fitness, 10030, contact@planetfitness.com
855 Cardio Blvd, 16, CorePower Yoga, 10031, contact@corepoweryoga.com
458 Strength Dr, 16, Anytime Fitness, 10032, contact@anytimefitness.com
116 Yoga St, 22, CorePower Yoga, 10033, contact@corepoweryoga.com
462 Cardio Blvd, 12, Orangetheory Fitness, 10034, contact@orangetheoryfitness.com
918 Spin Cir, 12, Equinox, 10035, contact@equinox.com
738 Balance Blvd, 18, CorePower Yoga, 10036, contact@corepoweryoga.com
339 Cardio Blvd, 24, Anytime Fitness, 10037, contact@anytimefitness.com
676 Yoga St, 12, 24 Hour Fitness, 10038, contact@24hourfitness.com
775 Spin Cir, 22, Anytime Fitness, 10039, contact@anytimefitness.com
947 Wellness Ave, 22, CorePower Yoga, 10040, contact@corepoweryoga.com
724 Muscle Rd, 14, 24 Hour Fitness, 10041, contact@24hourfitness.com
254 Wellness Ave, 16, Equinox, 10042, contact@equinox.com
233 Muscle Rd, 20, Anytime Fitness, 10043, contact@anytimefitness.com
124 Muscle Rd, 20, Orangetheory Fitness, 10044, contact@orangetheoryfitness.com
650 Cardio Blvd, 12, Planet Fitness, 10045, contact@planetfitness.com
858 Spin Cir, 18, Golds Gym, 10046, contact@goldsgym.com
797 Strength Dr, 18, CorePower Yoga, 10047, contact@corepoweryoga.com
356 HIIT Pl, 16, Anytime Fitness, 10048, contact@anytimefitness.com
449 Muscle Rd, 16, CorePower Yoga, 10049, contact@corepoweryoga.com
354 Lift Ln, 20, Anytime Fitness, 10050, contact@anytimefitness.com
