pt_id,experience,name,phone
1, 5, Alex Johnson, 51234
2, 8, Mia Roberts, 55678
3, 3, James Lee, 59012
4, 10, Sophie Nguyen, 52345
5, 6, Chris Smith, 58765
6, 2, Lily Martinez, 53456
7, 7, Daniel Kim, 54321
8, 4, Emily Davis, 56789
9, 9, Michael Brown, 57890
10, 1, Olivia Wilson, 53456
11, 11, Jackson Reed, 52388
12, 5, Ava Thompson, 59832
13, 3, Benjamin Lopez, 52233
14, 12, Zoe Carter, 57766
15, 6, Nathan Hall, 53344
16, 2, Grace Young, 56655
17, 8, Liam Scott, 59988
18, 7, Ella Adams, 54455
19, 4, Noah Wright, 52233
20, 10, Chloe Perez, 51122
21, 8, Isabella Flores, 13457
22, 5, Mason Ramirez, 28808
23, 14, Amelia Clark, 47829
24, 5, Jacob Bennett, 52748
25, 9, Sophia Bailey, 27181
26, 14, Isabella Hernandez, 35515
27, 6, Lucas Rivera, 50289
28, 1, Lucas Bell, 28886
29, 1, Amelia Bell, 35571
30, 11, Isabella Bennett, 40059
31, 6, Charlotte Rivera, 35253
32, 5, Isabella Bennett, 17512
33, 6, Charlotte Clark, 09212
34, 2, Isabella Clark, 84526
35, 11, Sophia Flores, 08533
36, 9, Madison Bell, 33232
37, 10, Amelia Bell, 26040
38, 10, Sophia Morgan, 54903
39, 12, Logan Bennett, 16239
40, 14, Isabella Bailey, 71713
41, 7, Mason Murphy, 29452
42, 9, Mason Morgan, 66092
43, 14, Isabella Bell, 67094
44, 1, Madison Ramirez, 42496
45, 13, Ethan Bailey, 93871
46, 13, Logan Bennett, 78820
47, 6, Mason Bailey, 87797
48, 13, Amelia Hernandez, 05906
49, 8, Madison Morgan, 83364
50, 13, Sophia Clark, 88097
